{
  "version": 1,
  "author": "Anonymous maker",
  "editor": "wokwi",
  "parts": [
    { "type": "wokwi-breadboard-half", "id": "bb1", "top": -108.6, "left": -131.6, "attrs": {} },
    { "type": "wokwi-arduino-uno", "id": "uno", "top": -66.6, "left": 229.8, "attrs": {} },
    {
      "type": "wokwi-pir-motion-sensor",
      "id": "pir1",
      "top": 155.64,
      "left": -110.32,
      "attrs": {}
    },
    { "type": "wokwi-led", "id": "led1", "top": -13.2, "left": -5.8, "attrs": { "color": "red" } },
    {
      "type": "wokwi-resistor",
      "id": "r1",
      "top": 23.15,
      "left": 28.8,
      "attrs": { "value": "1000" }
    },
    { "type": "wokwi-hc-sr04", "id": "ultrasonic1", "top": 163.52, "left": 22.97, "attrs": {} },
    {
      "type": "wokwi-stepper-motor",
      "id": "stepper1",
      "top": -289.94,
      "left": 720.6,
      "attrs": { "size": "17" }
    }
  ],
  "connections": [
    [ "bb1:22b.h", "uno:4", "red", [ "v-157.25", "h313.35" ] ],
    [ "bb1:12b.h", "bb1:bn.10", "black", [ "v59.93", "h-0.64" ] ],
    [ "uno:GND.3", "ultrasonic1:GND", "black", [ "v162.22", "h-264.35" ] ],
    [ "ultrasonic1:ECHO", "uno:2", "orange", [ "v124.44", "h443.44", "v-537.01", "h4.76" ] ],
    [ "uno:5V", "bb1:bp.23", "red", [ "v16.65", "h-240.86" ] ],
    [ "ultrasonic1:VCC", "bb1:bp.17", "#8f4814", [ "v26.41", "h-94.37", "v-149.04", "h7.39" ] ],
    [ "pir1:OUT", "uno:7", "gold", [ "v241.25", "h738.05", "v-668.83", "h-68.98" ] ],
    [ "pir1:GND", "bb1:bn.9", "black", [ "v26.93", "h38.56" ] ],
    [ "pir1:VCC", "bb1:bp.1", "red", [ "v77.43", "h-68.84", "v-243.88" ] ],
    [ "stepper1:A-", "uno:11", "green", [ "v-104.36", "h-460.83" ] ],
    [ "stepper1:A+", "uno:10", "green", [ "v7.15", "h-413.17" ] ],
    [ "stepper1:B+", "uno:9", "green", [ "v17.7", "h-415.23" ] ],
    [ "stepper1:B-", "uno:8", "green", [ "v32.77", "h-411.27" ] ],
    [ "ultrasonic1:TRIG", "uno:13", "green", [ "v63.46", "h509.73", "v-422.89", "h-263.22" ] ],
    [ "led1:A", "bb1:14b.h", "", [ "$bb" ] ],
    [ "led1:C", "bb1:13b.h", "", [ "$bb" ] ],
    [ "r1:1", "bb1:15b.h", "", [ "$bb" ] ],
    [ "r1:2", "bb1:21b.h", "", [ "$bb" ] ]
  ],
  "dependencies": {}
}